1675989900,530355.0,0.0,0.0,0.0,56879.0,40907.0,6897.0,8590103.0
1675989905,643914.0,0.0,0.0,0.0,63815.0,42611.0,7551.0,13035490.0
1675989910,807712.0,0.0,0.0,0.0,70110.0,49922.0,8373.0,11283117.0
1675989915,876921.0,0.0,0.0,0.0,67207.0,52780.0,8197.0,19208053.0
1675989920,786456.0,0.0,0.0,0.0,57478.0,50345.0,7133.0,8329350.0
1675989925,626299.0,0.0,0.0,0.0,50930.0,42108.0,6305.0,5588044.0
1675989930,700948.0,0.0,0.0,0.0,57798.0,38012.0,7130.0,8289241.0
1675989935,641553.0,0.0,0.0,0.0,55390.0,38278.0,6842.0,5526136.0
1675989940,551926.0,0.0,0.0,0.0,48909.0,38460.0,6053.0,7890463.0
1675989945,490388.0,0.0,0.0,0.0,52879.0,38161.0,6448.0,6676445.0
1675989950,449141.0,0.0,0.0,0.0,44459.0,39920.0,5552.0,6607390.0
1675989955,470581.0,0.0,0.0,0.0,50696.0,39272.0,6299.0,6594737.0
1675989960,458198.0,0.0,0.0,0.0,51226.0,39973.0,6259.0,8344858.0
1675989965,483719.0,0.0,0.0,0.0,51136.0,40736.0,6292.0,8491399.0
1675989970,493376.0,0.0,0.0,0.0,52414.0,39754.0,6351.0,7844083.0
1675989975,529170.0,0.0,0.0,0.0,56251.0,38317.0,6714.0,12202179.0
1675989980,475375.0,0.0,0.0,0.0,51245.0,41975.0,6250.0,7499307.0
1675989985,536573.0,0.0,0.0,0.0,52706.0,41566.0,6515.0,8234124.0
1675989990,420704.0,0.0,0.0,0.0,44533.0,36634.0,5536.0,4894265.0
1675989995,452167.0,0.0,0.0,0.0,48251.0,34795.0,5970.0,8654777.0
1675990000,399301.0,0.0,0.0,0.0,42350.0,32596.0,5384.0,5486135.0
1675990005,437597.0,0.0,0.0,0.0,48522.0,33815.0,5937.0,8558977.0
1675990010,478835.0,0.0,0.0,0.0,48028.0,35306.0,5884.0,6098137.0
1675990015,456364.0,0.0,0.0,0.0,44820.0,34130.0,5595.0,8316560.0
1675990020,457503.0,0.0,0.0,0.0,47795.0,34721.0,5882.0,5801957.0
1675990025,604150.0,0.0,0.0,0.0,59094.0,35912.0,7187.0,10077899.0
1675990030,706364.0,0.0,0.0,0.0,75138.0,35335.0,8827.0,7454490.0
1675990035,635046.0,0.0,0.0,0.0,64340.0,36821.0,7542.0,13699120.0
1675990040,497329.0,0.0,0.0,0.0,55615.0,34274.0,6677.0,7487331.0
1675990045,480946.0,5.0,0.0,0.0,49225.0,33756.0,6122.0,7260789.0
1675990050,507318.0,9.0,0.0,0.0,50227.0,36084.0,6170.0,7428551.0
1675990055,468907.0,9.0,0.0,0.0,48410.0,32944.0,5958.0,6552547.0
1675990060,527189.0,7.0,0.0,0.0,54972.0,36451.0,6779.0,7511443.0
1675990065,411385.0,0.0,0.0,0.0,43226.0,40041.0,5457.0,7814966.0
1675990070,452958.0,10.0,0.0,0.0,45359.0,40950.0,5639.0,5252107.0
1675990075,474076.0,1.0,0.0,0.0,48272.0,37019.0,6089.0,7743220.0
1675990080,487546.0,10.0,0.0,0.0,49108.0,43326.0,6179.0,6812204.0
1675990085,486778.0,0.0,0.0,0.0,49241.0,39136.0,5989.0,9210134.0
1675990090,539619.0,0.0,0.0,0.0,53522.0,39608.0,6608.0,8884077.0
1675990095,509410.0,0.0,0.0,0.0,47989.0,39438.0,5910.0,11837643.0
1675990100,447118.0,0.0,0.0,0.0,47732.0,39091.0,5885.0,13558612.0
1675990105,506714.0,0.0,0.0,0.0,48285.0,35812.0,5929.0,13616781.0
1675990110,471598.0,0.0,0.0,0.0,48400.0,36872.0,6097.0,10704226.0
1675990115,389774.0,0.0,0.0,0.0,41315.0,33940.0,5167.0,6699042.0
1675990120,440889.0,0.0,0.0,0.0,45872.0,34736.0,5633.0,7478644.0
1675990125,446579.0,0.0,0.0,0.0,47802.0,37136.0,5782.0,5546052.0
1675990130,476068.0,0.0,0.0,0.0,47499.0,38206.0,5873.0,7879815.0
1675990135,390729.0,0.0,0.0,0.0,39825.0,34509.0,5063.0,5203657.0
1675990140,507238.0,0.0,0.0,0.0,48998.0,44978.0,5997.0,8958257.0
1675990145,537338.0,0.0,0.0,0.0,58363.0,39708.0,7037.0,7876479.0
1675990150,655179.0,0.0,0.0,0.0,69074.0,39714.0,8140.0,9562736.0
1675990155,764151.0,0.0,0.0,0.0,78933.0,40132.0,9234.0,11681163.0
1675990160,516885.0,0.0,0.0,0.0,57165.0,36686.0,6868.0,8384212.0
1675990165,493660.0,0.0,0.0,0.0,49141.0,37368.0,6065.0,6291328.0
1675990170,453727.0,0.0,0.0,0.0,47841.0,36627.0,5844.0,19724507.0
1675990175,457082.0,0.0,0.0,0.0,51363.0,38896.0,6315.0,8377790.0
1675990180,454459.0,0.0,0.0,0.0,50364.0,37832.0,6264.0,7771846.0
1675990185,395429.0,0.0,0.0,0.0,42526.0,34168.0,5275.0,7571710.0
1675990190,390092.0,0.0,0.0,0.0,38698.0,33394.0,4824.0,4730456.0
1675990195,497760.0,0.0,0.0,0.0,51449.0,34364.0,6429.0,7844342.0
1675990200,489231.0,0.0,0.0,0.0,53754.0,38145.0,6562.0,7691133.0
1675990205,522895.0,0.0,0.0,0.0,52595.0,36940.0,6356.0,9675104.0
1675990210,706578.0,0.0,0.0,0.0,60752.0,46491.0,7494.0,8208183.0
1675990215,709450.0,0.0,0.0,0.0,50522.0,45976.0,6431.0,13574886.0
1675990220,711490.0,0.0,0.0,0.0,56034.0,41942.0,7021.0,7072497.0
1675990225,655767.0,0.0,0.0,0.0,48128.0,40364.0,6143.0,8513469.0
1675990230,582633.0,0.0,0.0,0.0,43031.0,40941.0,5545.0,7342492.0
1675990235,512542.0,0.0,0.0,0.0,44335.0,40377.0,5647.0,6836346.0
1675990240,501186.0,0.0,0.0,0.0,51577.0,34024.0,6319.0,6943056.0
1675990245,441375.0,0.0,0.0,0.0,46761.0,33778.0,5778.0,8938426.0
1675990250,483855.0,0.0,0.0,0.0,50195.0,33717.0,6231.0,7266894.0
1675990255,398437.0,0.0,0.0,0.0,42201.0,30886.0,5347.0,7694657.0
1675990260,459378.0,0.0,0.0,0.0,51447.0,38580.0,6290.0,5826254.0
1675990265,580409.0,0.0,0.0,0.0,61522.0,37134.0,7439.0,8989301.0
1675990270,526675.0,0.0,0.0,0.0,59709.0,38183.0,7160.0,7822215.0
1675990275,713415.0,0.0,0.0,0.0,68573.0,42240.0,8043.0,14144947.0
1675990280,631496.0,0.0,0.0,0.0,66040.0,35329.0,7841.0,8987885.0
1675990285,458236.0,0.0,0.0,0.0,48690.0,36361.0,5939.0,7634399.0
1675990290,468440.0,0.0,0.0,0.0,54988.0,53534.0,6686.0,14042328.0
1675990295,559187.0,0.0,0.0,0.0,58398.0,36180.0,7002.0,10129284.0
1675990300,461403.0,0.0,0.0,0.0,51028.0,34970.0,6195.0,14473619.0
1675990305,430330.0,0.0,0.0,0.0,48067.0,30924.0,5921.0,9076533.0
1675990310,518273.0,0.0,0.0,0.0,52977.0,35820.0,6399.0,9783955.0
1675990315,419961.0,0.0,0.0,0.0,44320.0,35101.0,5555.0,7118085.0
1675990320,474028.0,0.0,0.0,0.0,47967.0,35425.0,5870.0,7710846.0
1675990325,495580.0,0.0,0.0,0.0,56653.0,33445.0,6789.0,9227270.0
1675990330,496037.0,0.0,0.0,0.0,52718.0,36423.0,6421.0,9176492.0
1675990335,482037.0,0.0,0.0,0.0,53704.0,33723.0,6450.0,12611953.0
1675990340,541038.0,0.0,0.0,0.0,52036.0,32538.0,6329.0,10214667.0
1675990345,563147.0,0.0,0.0,0.0,59823.0,32060.0,7124.0,8468440.0
1675990350,491058.0,0.0,0.0,0.0,53087.0,35598.0,6515.0,10592936.0
1675990355,438234.0,0.0,0.0,0.0,46732.0,36733.0,5701.0,6490106.0
1675990360,432303.0,0.0,0.0,0.0,47081.0,33164.0,5785.0,9256490.0
1675990365,453317.0,0.0,0.0,0.0,50576.0,30288.0,6234.0,6643758.0
1675990370,475173.0,0.0,0.0,0.0,45566.0,35001.0,5688.0,8038576.0
1675990375,461057.0,0.0,0.0,0.0,47368.0,34762.0,5910.0,7266923.0
1675990380,386137.0,0.0,0.0,0.0,41017.0,40663.0,5199.0,7510991.0
1675990385,615913.0,0.0,0.0,0.0,63117.0,33196.0,7641.0,9293047.0
1675990390,590845.0,0.0,0.0,0.0,62395.0,38426.0,7550.0,7322628.0
1675990395,669431.0,0.0,0.0,0.0,66773.0,38366.0,7812.0,14753714.0
1675990400,617619.0,0.0,0.0,0.0,59960.0,34748.0,7244.0,6893099.0
1675990405,572394.0,0.0,0.0,0.0,56962.0,38761.0,6870.0,8409786.0
1675990410,551139.0,0.0,0.0,0.0,54618.0,37567.0,6604.0,6659157.0
1675990415,477175.0,0.0,0.0,0.0,46782.0,37418.0,5791.0,7438740.0
1675990420,507244.0,0.0,0.0,0.0,49137.0,37458.0,6099.0,8747923.0
1675990425,495558.0,0.0,0.0,0.0,50251.0,33706.0,6290.0,5547990.0
1675990430,400637.0,0.0,0.0,0.0,43301.0,36329.0,5417.0,7905386.0
1675990435,426559.0,1.0,0.0,0.0,43085.0,35019.0,5385.0,5586358.0
1675990440,493067.0,0.0,0.0,0.0,50128.0,41038.0,6201.0,8845909.0
1675990445,500597.0,0.0,0.0,0.0,52457.0,37289.0,6483.0,8857409.0
1675990450,502534.0,0.0,0.0,0.0,53248.0,38970.0,6525.0,8724811.0
1675990455,516564.0,0.0,0.0,0.0,52639.0,40293.0,6415.0,12404343.0
1675990460,484111.0,0.0,0.0,0.0,51194.0,39235.0,6339.0,7006713.0
1675990465,516931.0,0.0,0.0,0.0,51240.0,37563.0,6303.0,8956764.0
1675990470,513519.0,0.0,0.0,0.0,49859.0,40842.0,6233.0,11048882.0
1675990475,498730.0,0.0,0.0,0.0,46932.0,38483.0,5816.0,7263933.0
1675990480,430273.0,0.0,0.0,0.0,43924.0,39840.0,5455.0,10357033.0
1675990485,481052.0,0.0,0.0,0.0,49474.0,36675.0,6120.0,16266153.0
1675990490,500352.0,0.0,0.0,0.0,52871.0,34779.0,6585.0,12378790.0
1675990495,437898.0,0.0,0.0,0.0,46277.0,36162.0,5829.0,6457529.0
1675990500,510383.0,0.0,0.0,0.0,51734.0,43530.0,6312.0,8973388.0
1675990505,672249.0,0.0,0.0,0.0,64238.0,43676.0,7680.0,9275099.0
1675990510,844474.0,0.0,0.0,0.0,71876.0,51025.0,8592.0,9455688.0
1675990515,920053.0,0.0,0.0,0.0,69269.0,47992.0,8297.0,11367039.0
1675990520,807183.0,0.0,0.0,0.0,61550.0,48556.0,7609.0,8133038.0
1675990525,751137.0,0.0,0.0,0.0,57274.0,45439.0,7124.0,6752643.0
1675990530,653181.0,0.0,0.0,0.0,49728.0,45859.0,6331.0,7337100.0
1675990535,637484.0,0.0,0.0,0.0,53613.0,42895.0,6658.0,6256141.0
1675990540,520663.0,0.0,0.0,0.0,51315.0,37490.0,6155.0,7176435.0
1675990545,471343.0,0.0,0.0,0.0,48068.0,39241.0,5967.0,7147183.0
1675990550,450843.0,0.0,0.0,0.0,47151.0,35971.0,5761.0,7605247.0
1675990555,462391.0,0.0,0.0,0.0,49563.0,37330.0,6195.0,7122203.0
1675990560,480921.0,0.0,0.0,0.0,49753.0,39342.0,6093.0,7500621.0
1675990565,429256.0,0.0,0.0,0.0,46637.0,37198.0,5722.0,8560228.0
1675990570,547175.0,0.0,0.0,0.0,58910.0,37066.0,7125.0,10829766.0
1675990575,476489.0,0.0,0.0,0.0,53581.0,37920.0,6461.0,12809701.0
1675990580,536175.0,0.0,0.0,0.0,53467.0,40996.0,6518.0,8350117.0
1675990585,511925.0,0.0,0.0,0.0,53149.0,41801.0,6532.0,7638723.0
1675990590,426836.0,0.0,0.0,0.0,47905.0,34412.0,5919.0,7704776.0
1675990595,462469.0,0.0,0.0,0.0,49335.0,34315.0,6078.0,7306412.0
1675990600,395895.0,0.0,0.0,0.0,45542.0,35245.0,5526.0,7456003.0
1675990605,450377.0,0.0,0.0,0.0,48413.0,37136.0,6105.0,8808289.0
1675990610,439526.0,0.0,0.0,0.0,44843.0,37921.0,5522.0,5824034.0
1675990615,463047.0,0.0,0.0,0.0,46783.0,35671.0,5956.0,8582273.0
1675990620,533172.0,0.0,0.0,0.0,52477.0,38065.0,6437.0,8739057.0
1675990625,499905.0,0.0,0.0,0.0,50274.0,34444.0,6123.0,8285646.0
1675990630,697696.0,0.0,0.0,0.0,71141.0,42962.0,8519.0,9524534.0
1675990635,664366.0,0.0,0.0,0.0,72150.0,43681.0,8465.0,12651381.0
1675990640,616781.0,0.0,0.0,0.0,58380.0,42986.0,6950.0,9218037.0
1675990645,532102.0,0.0,0.0,0.0,57558.0,39217.0,6937.0,7058786.0
1675990650,492204.0,0.0,0.0,0.0,51246.0,43306.0,6275.0,8829257.0
1675990655,457525.0,0.0,0.0,0.0,47355.0,39213.0,5782.0,8940009.0
1675990660,458163.0,0.0,0.0,0.0,47012.0,39259.0,5861.0,7157415.0
1675990665,433963.0,0.0,0.0,0.0,48500.0,41062.0,5968.0,9390794.0
1675990670,519718.0,0.0,0.0,0.0,51407.0,41923.0,6401.0,6131629.0
1675990675,492790.0,0.0,0.0,0.0,49556.0,41395.0,6038.0,15154454.0
1675990680,393761.0,0.0,0.0,0.0,42236.0,39483.0,5249.0,17486463.0
1675990685,502832.0,0.0,0.0,0.0,53259.0,41203.0,6454.0,10527933.0
1675990690,578020.0,0.0,0.0,0.0,57596.0,39271.0,7056.0,8007436.0
1675990695,489170.0,0.0,0.0,0.0,52179.0,44473.0,6309.0,13704501.0
1675990700,450623.0,0.0,0.0,0.0,46426.0,40553.0,5710.0,6853296.0
1675990705,584472.0,0.0,0.0,0.0,52060.0,40761.0,6412.0,8934302.0
1675990710,404884.0,1.0,0.0,0.0,37454.0,40779.0,4735.0,5494511.0
1675990715,492098.0,1.0,0.0,0.0,50603.0,40025.0,6285.0,9799647.0
1675990720,460505.0,0.0,0.0,0.0,49321.0,37073.0,6135.0,5492860.0
1675990725,537659.0,0.0,0.0,0.0,52807.0,37214.0,6418.0,10067711.0
1675990730,406291.0,0.0,0.0,0.0,41630.0,41846.0,5155.0,6245427.0
1675990735,490531.0,0.0,0.0,0.0,46927.0,35667.0,5804.0,6919299.0
1675990740,452854.0,0.0,0.0,0.0,44464.0,40217.0,5594.0,8546044.0
1675990745,513618.0,0.0,0.0,0.0,53633.0,37302.0,6326.0,6361836.0
1675990750,655368.0,0.0,0.0,0.0,68074.0,38655.0,8143.0,9491202.0
1675990755,670126.0,0.0,0.0,0.0,67259.0,39928.0,7937.0,11187126.0
1675990760,546648.0,0.0,0.0,0.0,55423.0,34543.0,6586.0,5920930.0
1675990765,556134.0,0.0,0.0,0.0,59212.0,38462.0,7198.0,8465789.0
1675990770,550600.0,0.0,0.0,0.0,53448.0,41199.0,6445.0,6837636.0
1675990775,514861.0,0.0,0.0,0.0,54037.0,42555.0,6683.0,9090873.0
1675990780,351011.0,0.0,0.0,0.0,39605.0,35194.0,4937.0,7219706.0
1675990785,505391.0,0.0,0.0,0.0,55052.0,36971.0,6717.0,6805680.0
1675990790,461437.0,0.0,0.0,0.0,47251.0,37635.0,5771.0,7292020.0
1675990795,477920.0,0.0,0.0,0.0,48981.0,35510.0,6098.0,5758922.0
1675990800,563392.0,1.0,0.0,0.0,56426.0,47979.0,6722.0,10323144.0
1675990805,653168.0,0.0,0.0,0.0,59797.0,49639.0,7132.0,8089844.0
1675990810,734016.0,1.0,0.0,0.0,56224.0,53002.0,6846.0,10078245.0
1675990815,940118.0,0.0,0.0,0.0,62676.0,58881.0,8008.0,14069313.0
1675990820,808456.0,0.0,0.0,0.0,54398.0,54352.0,6983.0,7738509.0
1675990825,822796.0,0.0,0.0,0.0,57338.0,47570.0,7389.0,8900174.0
1675990830,725608.0,0.0,0.0,0.0,52117.0,49851.0,6753.0,7007171.0
1675990835,801034.0,0.0,0.0,0.0,53492.0,53210.0,6763.0,10077911.0
1675990840,656622.0,0.0,0.0,0.0,59575.0,53252.0,7320.0,7829739.0
1675990845,569639.0,0.0,0.0,0.0,55180.0,50267.0,6760.0,8522610.0
1675990850,556731.0,0.0,0.0,0.0,52113.0,48880.0,6510.0,10572255.0
1675990855,582203.0,0.0,0.0,0.0,56344.0,45694.0,6968.0,7801063.0
1675990860,583697.0,0.0,0.0,0.0,55953.0,52310.0,6974.0,8847503.0
1675990865,761161.0,0.0,0.0,0.0,72701.0,52539.0,8745.0,9889929.0
1675990870,739410.0,0.0,0.0,0.0,69799.0,50443.0,8464.0,15297470.0
1675990875,887546.0,0.0,0.0,0.0,80314.0,49268.0,9560.0,21892020.0
1675990880,771725.0,0.0,0.0,0.0,68952.0,48390.0,8243.0,13376625.0
1675990885,656290.0,0.0,0.0,0.0,62255.0,49140.0,7436.0,8688889.0
1675990890,647807.0,0.0,0.0,0.0,59974.0,52231.0,7288.0,8197762.0
1675990895,617402.0,0.0,0.0,0.0,60006.0,50030.0,7266.0,8854591.0
1675990900,567542.0,0.0,0.0,0.0,57921.0,44293.0,6977.0,7199401.0
1675990905,540349.0,0.0,0.0,0.0,53882.0,44087.0,6575.0,9341007.0
1675990910,552051.0,0.0,0.0,0.0,55353.0,42898.0,6820.0,8452683.0
1675990915,558384.0,0.0,0.0,0.0,51337.0,51010.0,6423.0,10304232.0
1675990920,620208.0,0.0,0.0,0.0,61025.0,53779.0,7694.0,7835512.0
1675990925,564404.0,0.0,0.0,0.0,52711.0,48075.0,6429.0,10912461.0
1675990930,611853.0,0.0,0.0,0.0,59783.0,49405.0,7340.0,8506862.0
1675990935,628487.0,0.0,0.0,0.0,59078.0,48319.0,7217.0,14295764.0
1675990940,559735.0,0.0,0.0,0.0,51941.0,46932.0,6383.0,8325849.0
1675990945,541797.0,0.0,0.0,0.0,50415.0,47681.0,6331.0,7533165.0
1675990950,652838.0,0.0,0.0,0.0,57821.0,47432.0,7009.0,9126810.0
1675990955,563278.0,0.0,0.0,0.0,54128.0,45551.0,6648.0,6386723.0
1675990960,575936.0,0.0,0.0,0.0,54957.0,53424.0,6716.0,7873287.0
1675990965,589064.0,0.0,0.0,0.0,54314.0,47170.0,6652.0,8043362.0
1675990970,512452.0,0.0,0.0,0.0,50852.0,49138.0,6195.0,8187118.0
1675990975,628349.0,5.0,0.0,0.0,59907.0,52131.0,7299.0,7245212.0
1675990980,543478.0,0.0,0.0,0.0,51867.0,52621.0,6436.0,9328888.0
1675990985,668899.0,0.0,0.0,0.0,65658.0,49720.0,7996.0,8617983.0
1675990990,769744.0,0.0,0.0,0.0,73419.0,49335.0,8791.0,8132855.0
1675990995,903284.0,0.0,0.0,0.0,73618.0,45372.0,8573.0,151598068.0
1675991000,723023.0,0.0,0.0,0.0,63606.0,48993.0,7460.0,8309490.0
1675991005,671595.0,0.0,0.0,0.0,61550.0,48893.0,7507.0,7010244.0
1675991010,556769.0,0.0,0.0,0.0,54561.0,45964.0,6651.0,8081424.0
1675991015,585478.0,0.0,0.0,0.0,55542.0,47649.0,6730.0,9499921.0
1675991020,520052.0,0.0,0.0,0.0,49318.0,43162.0,6009.0,6974558.0
1675991025,550120.0,0.0,0.0,0.0,54283.0,42653.0,6567.0,9347795.0
1675991030,519526.0,0.0,0.0,0.0,50965.0,42804.0,6249.0,6450938.0
1675991035,565216.0,0.0,0.0,0.0,49635.0,42634.0,6151.0,8607723.0
1675991040,588625.0,0.0,0.0,0.0,53732.0,45381.0,6477.0,6602073.0
1675991045,584535.0,0.0,0.0,0.0,53445.0,46149.0,6475.0,10005984.0
1675991050,690272.0,0.0,0.0,0.0,61146.0,53574.0,7504.0,9462674.0
1675991055,648029.0,0.0,0.0,0.0,58068.0,53056.0,7006.0,13867577.0
1675991060,556584.0,0.0,0.0,0.0,50752.0,52253.0,6093.0,12904214.0
1675991065,661213.0,0.0,0.0,0.0,56322.0,52362.0,6842.0,9807659.0
1675991070,639364.0,0.0,0.0,0.0,57228.0,49208.0,6866.0,9728253.0
1675991075,567274.0,0.0,0.0,0.0,53900.0,49092.0,6614.0,6684714.0
1675991080,527586.0,0.0,0.0,0.0,52183.0,46017.0,6401.0,7525948.0
1675991085,555565.0,0.0,0.0,0.0,55773.0,42732.0,6717.0,11730260.0
1675991090,537546.0,0.0,0.0,0.0,53149.0,42209.0,6502.0,13446094.0
1675991095,550259.0,0.0,0.0,0.0,51420.0,43830.0,6318.0,15549320.0
1675991100,566108.0,0.0,0.0,0.0,52573.0,48233.0,6304.0,8482710.0
1675991105,678461.0,0.0,0.0,0.0,63092.0,48347.0,7575.0,9102752.0
1675991110,936966.0,0.0,0.0,0.0,75885.0,55394.0,8977.0,10289615.0
1675991115,1005881.0,0.0,0.0,0.0,77640.0,56903.0,9376.0,12282395.0
1675991120,890621.0,0.0,0.0,0.0,67373.0,56180.0,8211.0,9532031.0
1675991125,786427.0,0.0,0.0,0.0,59995.0,51934.0,7348.0,6509172.0
1675991130,781094.0,0.0,0.0,0.0,59372.0,44804.0,7323.0,7113538.0
1675991135,678465.0,0.0,0.0,0.0,51822.0,46813.0,6355.0,8386788.0
1675991140,572679.0,0.0,0.0,0.0,58324.0,39706.0,6985.0,6740767.0
1675991145,477281.0,0.0,0.0,0.0,52021.0,38124.0,6338.0,8125511.0
1675991150,564681.0,0.0,0.0,0.0,58675.0,38141.0,7100.0,7570185.0
1675991155,536143.0,0.0,0.0,0.0,53521.0,39762.0,6577.0,8009306.0
1675991160,499991.0,0.0,0.0,0.0,55534.0,39556.0,6655.0,7691399.0
1675991165,567984.0,0.0,0.0,0.0,58727.0,39192.0,7046.0,9524273.0
1675991170,509851.0,0.0,0.0,0.0,55876.0,46757.0,6672.0,9049109.0
1675991175,541424.0,0.0,0.0,0.0,59506.0,45469.0,7035.0,12208633.0
1675991180,512905.0,1.0,0.0,0.0,52999.0,42310.0,6429.0,9567659.0
1675991185,520764.0,0.0,0.0,0.0,55738.0,44295.0,6878.0,6762779.0
1675991190,488131.0,0.0,0.0,0.0,50488.0,35829.0,6294.0,9059501.0
1675991195,565428.0,0.0,0.0,0.0,59610.0,39924.0,7158.0,7354841.0
1675991200,494104.0,0.0,0.0,0.0,53378.0,38990.0,6565.0,8214773.0
1675991205,478047.0,0.0,0.0,0.0,50623.0,38061.0,6312.0,6974423.0
1675991210,546470.0,0.0,0.0,0.0,49810.0,40465.0,6023.0,142726499.0
1675991215,479174.0,0.0,0.0,0.0,52065.0,39175.0,6456.0,8468130.0
1675991220,520444.0,0.0,0.0,0.0,55801.0,43769.0,6784.0,7339673.0
1675991225,591601.0,0.0,0.0,0.0,66954.0,35748.0,7920.0,10014778.0
1675991230,688043.0,0.0,0.0,0.0,74679.0,40542.0,8841.0,7867154.0
1675991235,739798.0,0.0,0.0,0.0,77570.0,40755.0,9085.0,13359342.0
1675991240,523848.0,0.0,0.0,0.0,61002.0,38755.0,7238.0,6754474.0
1675991245,546385.0,0.0,0.0,0.0,59173.0,41974.0,7113.0,9182765.0
1675991250,480899.0,0.0,0.0,0.0,53113.0,45671.0,6286.0,7138381.0
1675991255,492321.0,0.0,0.0,0.0,50393.0,42208.0,6252.0,6707697.0
1675991260,547954.0,0.0,0.0,0.0,57052.0,42472.0,7014.0,8015856.0
1675991265,513334.0,0.0,0.0,0.0,55069.0,43071.0,6784.0,7151074.0
1675991270,526303.0,0.0,0.0,0.0,53710.0,43069.0,6605.0,6780672.0
1675991275,497601.0,0.0,0.0,0.0,51912.0,47376.0,6420.0,8400449.0
1675991280,484380.0,0.0,0.0,0.0,53919.0,49502.0,6503.0,6650452.0
1675991285,542050.0,0.0,0.0,0.0,55928.0,42187.0,6810.0,10216242.0
1675991290,551037.0,0.0,0.0,0.0,57046.0,44008.0,6906.0,7781711.0
1675991295,526971.0,0.0,0.0,0.0,55275.0,44019.0,6665.0,13951347.0
1675991300,500873.0,0.0,0.0,0.0,53430.0,45693.0,6540.0,10282908.0
1675991305,573964.0,0.0,0.0,0.0,59637.0,47363.0,7289.0,11167185.0
1675991310,478925.0,0.0,0.0,0.0,51824.0,41381.0,6369.0,13785541.0
1675991315,487577.0,0.0,0.0,0.0,51136.0,43498.0,6250.0,12042599.0
1675991320,485432.0,0.0,0.0,0.0,50750.0,42869.0,6181.0,5790698.0
1675991325,499022.0,1.0,0.0,0.0,52932.0,42422.0,6513.0,8685794.0
1675991330,490769.0,1.0,0.0,0.0,52888.0,39540.0,6492.0,6341627.0
1675991335,496946.0,0.0,0.0,0.0,50168.0,41421.0,6114.0,5612637.0
1675991340,490590.0,0.0,0.0,0.0,52218.0,41164.0,6385.0,8568851.0
1675991345,533754.0,0.0,0.0,0.0,59397.0,38662.0,7111.0,8707794.0
1675991350,549918.0,0.0,0.0,0.0,60643.0,44120.0,7238.0,9266923.0
1675991355,740157.0,0.0,0.0,0.0,78124.0,42112.0,9242.0,12688445.0
1675991360,633468.0,0.0,0.0,0.0,65770.0,48379.0,7820.0,8639878.0
1675991365,579075.0,3.0,0.0,0.0,60902.0,43859.0,7350.0,8299761.0
1675991370,571235.0,0.0,0.0,0.0,61982.0,38859.0,7431.0,11035802.0
1675991375,540203.0,0.0,0.0,0.0,58375.0,37881.0,6938.0,7624575.0
1675991380,443934.0,0.0,0.0,0.0,49294.0,36100.0,5949.0,7280118.0
1675991385,436371.0,0.0,0.0,0.0,45258.0,33878.0,5597.0,8171457.0
1675991390,549408.0,0.0,0.0,0.0,59935.0,35202.0,7141.0,4979165.0
1675991395,439626.0,0.0,0.0,0.0,46272.0,33121.0,5670.0,7369141.0
1675991400,496626.0,0.0,0.0,0.0,52037.0,35545.0,6369.0,6625499.0
1675991405,602249.0,0.0,0.0,0.0,57367.0,39200.0,6916.0,10255388.0
1675991410,767025.0,0.0,0.0,0.0,62832.0,44759.0,7669.0,7762084.0
1675991415,710595.0,0.0,0.0,0.0,50525.0,51605.0,6258.0,12895243.0
1675991420,678341.0,0.0,0.0,0.0,52208.0,48959.0,6509.0,6322122.0
1675991425,738433.0,0.0,0.0,0.0,57290.0,54877.0,7260.0,8132005.0
1675991430,779294.0,0.0,0.0,0.0,54880.0,45163.0,6886.0,143619361.0
1675991435,582968.0,0.0,0.0,0.0,49356.0,39281.0,6135.0,8789003.0
1675991440,539239.0,0.0,0.0,0.0,52972.0,39215.0,6544.0,6657038.0
1675991445,519321.0,0.0,0.0,0.0,53140.0,37620.0,6489.0,9262222.0
1675991450,481578.0,0.0,0.0,0.0,50847.0,40577.0,6217.0,7858682.0
1675991455,553215.0,0.0,0.0,0.0,59261.0,40312.0,7274.0,6834910.0
1675991460,516416.0,0.0,0.0,0.0,55069.0,40463.0,6727.0,7911331.0
1675991465,575141.0,0.0,0.0,0.0,61051.0,36976.0,7369.0,8827780.0
1675991470,718880.0,0.0,0.0,0.0,74269.0,42391.0,8564.0,10381758.0
1675991475,741276.0,0.0,0.0,0.0,75901.0,40148.0,8831.0,12515557.0
1675991480,598838.0,0.0,0.0,0.0,60478.0,37762.0,7246.0,7613057.0
1675991485,526867.0,0.0,0.0,0.0,59409.0,33469.0,7176.0,7130042.0
1675991490,522787.0,0.0,0.0,0.0,57791.0,34897.0,6923.0,8837566.0
1675991495,498437.0,0.0,0.0,0.0,54460.0,33839.0,6572.0,8801001.0
1675991500,427629.0,0.0,0.0,0.0,47706.0,36706.0,5767.0,5753888.0
1675991505,462784.0,0.0,0.0,0.0,50344.0,35917.0,6201.0,7942966.0
1675991510,534829.0,0.0,0.0,0.0,54072.0,39118.0,6654.0,5480624.0
1675991515,498423.0,0.0,0.0,0.0,52900.0,36012.0,6418.0,9553962.0
1675991520,462270.0,0.0,0.0,0.0,44172.0,38716.0,5381.0,6728372.0
1675991525,519850.0,0.0,0.0,0.0,54115.0,38045.0,6533.0,15083233.0
1675991530,559059.0,0.0,0.0,0.0,59463.0,44123.0,7188.0,15578154.0
1675991535,566772.0,0.0,0.0,0.0,58199.0,41418.0,7011.0,17991846.0
1675991540,481189.0,0.0,0.0,0.0,49970.0,46104.0,6096.0,6768149.0
1675991545,550293.0,0.0,0.0,0.0,52482.0,37590.0,6407.0,9394684.0
1675991550,536359.0,0.0,0.0,0.0,55211.0,49842.0,6738.0,6364726.0
1675991555,501650.0,0.0,0.0,0.0,53211.0,43676.0,6560.0,6735246.0
1675991560,516279.0,0.0,0.0,0.0,51625.0,41996.0,6249.0,7275134.0
1675991565,465280.0,0.0,0.0,0.0,47256.0,40944.0,5771.0,6858507.0
1675991570,533697.0,1.0,0.0,0.0,53581.0,43856.0,6483.0,7247108.0
1675991575,521945.0,0.0,0.0,0.0,53019.0,45332.0,6472.0,7887663.0
1675991580,538011.0,0.0,0.0,0.0,55931.0,48184.0,6673.0,10128767.0
1675991585,597248.0,0.0,0.0,0.0,62907.0,39750.0,7467.0,8892965.0
1675991590,736193.0,0.0,0.0,0.0,75787.0,49334.0,9009.0,10502689.0
1675991595,682338.0,0.0,0.0,0.0,69066.0,46643.0,8033.0,11672332.0
1675991600,637550.0,0.0,0.0,0.0,67823.0,47854.0,8060.0,7697538.0
1675991605,558523.0,0.0,0.0,0.0,54635.0,48455.0,6589.0,9418171.0
1675991610,539912.0,0.0,0.0,0.0,56377.0,45274.0,6874.0,5686200.0
1675991615,583578.0,0.0,0.0,0.0,59695.0,46721.0,7230.0,8965161.0
1675991620,513408.0,0.0,0.0,0.0,54850.0,42159.0,6679.0,6348530.0
1675991625,485268.0,0.0,0.0,0.0,49024.0,44822.0,6029.0,7029596.0
1675991630,439644.0,0.0,0.0,0.0,49050.0,46953.0,5988.0,6320880.0
1675991635,469081.0,0.0,0.0,0.0,49477.0,38476.0,6025.0,6660622.0
1675991640,498389.0,0.0,0.0,0.0,51121.0,41736.0,6195.0,6796686.0
1675991645,517888.0,0.0,0.0,0.0,54252.0,44024.0,6569.0,7437370.0
1675991650,559178.0,0.0,0.0,0.0,55509.0,45521.0,6744.0,144553497.0
1675991655,539816.0,0.0,0.0,0.0,54621.0,45593.0,6603.0,12474128.0
1675991660,532010.0,0.0,0.0,0.0,55567.0,46335.0,6708.0,7604540.0
1675991665,584570.0,0.0,0.0,0.0,57613.0,43260.0,6986.0,8249439.0
1675991670,486723.0,0.0,0.0,0.0,54444.0,44640.0,6544.0,6637354.0
1675991675,499215.0,0.0,0.0,0.0,54805.0,42794.0,6675.0,6774186.0
1675991680,486478.0,0.0,0.0,0.0,52941.0,42425.0,6368.0,7650351.0
1675991685,507347.0,0.0,0.0,0.0,55997.0,41136.0,6759.0,5554548.0
1675991690,523553.0,0.0,0.0,0.0,55597.0,42566.0,6764.0,8414905.0
1675991695,455308.0,0.0,0.0,0.0,52023.0,39943.0,6346.0,6632618.0
1675991700,534851.0,0.0,0.0,0.0,55988.0,43159.0,6734.0,7058675.0
1675991705,628194.0,0.0,0.0,0.0,62939.0,46583.0,7456.0,7774777.0
1675991710,845254.0,0.0,0.0,0.0,75380.0,51900.0,8968.0,9613912.0
1675991715,982418.0,0.0,0.0,0.0,76893.0,53285.0,9215.0,11825987.0
1675991720,782330.0,0.0,0.0,0.0,62327.0,51940.0,7703.0,9749984.0
1675991725,749006.0,0.0,0.0,0.0,59548.0,46319.0,7425.0,7051312.0
1675991730,754454.0,0.0,0.0,0.0,58677.0,44127.0,7323.0,6893205.0
1675991735,586656.0,0.0,0.0,0.0,50273.0,48569.0,6277.0,7059924.0
1675991740,478379.0,0.0,0.0,0.0,51740.0,42775.0,6258.0,6879267.0
1675991745,483695.0,0.0,0.0,0.0,49949.0,39863.0,6162.0,13524384.0
1675991750,435378.0,0.0,0.0,0.0,46270.0,38975.0,5707.0,10460966.0
1675991755,510859.0,0.0,0.0,0.0,52246.0,42700.0,6641.0,14973341.0
1675991760,460574.0,0.0,0.0,0.0,47322.0,44067.0,5854.0,7613245.0
1675991765,515733.0,0.0,0.0,0.0,54849.0,41797.0,6847.0,8380868.0
1675991770,489493.0,0.0,0.0,0.0,50584.0,40946.0,6173.0,7899103.0
1675991775,531250.0,0.0,0.0,0.0,55726.0,43608.0,6672.0,12768964.0
1675991780,518348.0,0.0,0.0,0.0,52668.0,43188.0,6460.0,8423814.0
1675991785,467561.0,0.0,0.0,0.0,46813.0,34448.0,5722.0,7682751.0
1675991790,468543.0,0.0,0.0,0.0,49355.0,38228.0,6094.0,9058882.0
1675991795,455206.0,0.0,0.0,0.0,44854.0,37002.0,5677.0,5699185.0
1675991800,500089.0,0.0,0.0,0.0,52116.0,33322.0,6428.0,7490544.0
1675991805,410338.0,0.0,0.0,0.0,45981.0,32077.0,5681.0,5108700.0
1675991810,464808.0,0.0,0.0,0.0,47829.0,32716.0,5868.0,6551199.0
1675991815,418788.0,0.0,0.0,0.0,39809.0,32741.0,5081.0,7157911.0
1675991820,421828.0,0.0,0.0,0.0,43916.0,38816.0,5448.0,7342950.0
1675991825,642480.0,0.0,0.0,0.0,63167.0,38940.0,7665.0,8407163.0
1675991830,683703.0,0.0,0.0,0.0,70766.0,38812.0,8417.0,8320083.0
1675991835,722120.0,0.0,0.0,0.0,70934.0,38629.0,8383.0,12574398.0
1675991840,549650.0,0.0,0.0,0.0,54765.0,32006.0,6644.0,7172185.0
1675991845,571785.0,0.0,0.0,0.0,58908.0,38681.0,7239.0,6262955.0
1675991850,454755.0,0.0,0.0,0.0,48954.0,35980.0,5977.0,7756014.0
1675991855,466404.0,0.0,0.0,0.0,43683.0,38347.0,5466.0,5249239.0
1675991860,484437.0,0.0,0.0,0.0,49165.0,39619.0,5996.0,8873252.0
1675991865,479172.0,0.0,0.0,0.0,51071.0,40330.0,6198.0,6936120.0
1675991870,503117.0,0.0,0.0,0.0,53759.0,42520.0,6560.0,143202436.0
1675991875,483563.0,0.0,0.0,0.0,45469.0,41248.0,5701.0,5272606.0
1675991880,475813.0,0.0,0.0,0.0,51496.0,40531.0,6394.0,8665874.0
1675991885,505639.0,0.0,0.0,0.0,51713.0,37191.0,6422.0,9881537.0
1675991890,480592.0,0.0,0.0,0.0,51992.0,39455.0,6317.0,7670667.0
1675991895,545151.0,0.0,0.0,0.0,52678.0,40110.0,6409.0,13423847.0
1675991900,463724.0,0.0,0.0,0.0,47951.0,41791.0,6012.0,6673994.0
1675991905,531639.0,0.0,0.0,0.0,51375.0,41981.0,6312.0,8295787.0
1675991910,446740.0,0.0,0.0,0.0,44105.0,43948.0,5547.0,8283204.0
1675991915,503925.0,0.0,0.0,0.0,50742.0,42772.0,6276.0,5111267.0
1675991920,488639.0,0.0,0.0,0.0,53771.0,41058.0,6576.0,8630865.0
1675991925,430232.0,0.0,0.0,0.0,43150.0,37574.0,5313.0,7006546.0
1675991930,492538.0,0.0,0.0,0.0,50576.0,38893.0,6237.0,8356612.0
1675991935,430216.0,0.0,0.0,0.0,46612.0,36457.0,5885.0,5786346.0
1675991940,533590.0,0.0,0.0,0.0,51485.0,41777.0,6354.0,9395594.0
1675991945,537505.0,0.0,0.0,0.0,54593.0,35307.0,6619.0,8044577.0
1675991950,524988.0,0.0,0.0,0.0,53378.0,38053.0,6480.0,7691445.0
1675991955,669564.0,0.0,0.0,0.0,68059.0,39299.0,7906.0,13199548.0
1675991960,625861.0,0.0,0.0,0.0,63484.0,37525.0,7629.0,6436966.0
1675991965,567075.0,0.0,0.0,0.0,58452.0,33663.0,7101.0,14308811.0
1675991970,504972.0,0.0,0.0,0.0,53360.0,34245.0,6631.0,11181062.0
1675991975,486590.0,0.0,0.0,0.0,51288.0,32085.0,6287.0,15648982.0
1675991980,467500.0,0.0,0.0,0.0,48993.0,35731.0,6015.0,7137523.0
1675991985,401310.0,0.0,0.0,0.0,45530.0,32079.0,5625.0,6664252.0
1675991990,449551.0,0.0,0.0,0.0,47135.0,32082.0,5762.0,7553998.0
1675991995,450629.0,0.0,0.0,0.0,44860.0,30981.0,5664.0,5334539.0
1675992000,486447.0,0.0,0.0,0.0,51397.0,38374.0,6332.0,8489583.0
1675992005,558288.0,0.0,0.0,0.0,57386.0,42872.0,7048.0,7002397.0
1675992010,795715.0,0.0,0.0,0.0,63675.0,45215.0,7870.0,10284485.0
1675992015,730338.0,0.0,0.0,0.0,55305.0,50095.0,6982.0,11846864.0
1675992020,714159.0,1.0,0.0,0.0,53711.0,48759.0,6776.0,7981794.0
1675992025,679476.0,0.0,0.0,0.0,49235.0,46398.0,6323.0,7732170.0
1675992030,679138.0,0.0,0.0,0.0,50205.0,42290.0,6364.0,6698442.0
1675992035,584945.0,0.0,0.0,0.0,46757.0,40007.0,5976.0,7025406.0
1675992040,502077.0,0.0,0.0,0.0,50325.0,40138.0,6347.0,7255761.0
1675992045,514710.0,0.0,0.0,0.0,52759.0,37183.0,6454.0,9627177.0
1675992050,473122.0,0.0,0.0,0.0,49865.0,37025.0,6145.0,7510793.0
1675992055,440614.0,0.0,0.0,0.0,44317.0,34454.0,5605.0,5742579.0
1675992060,475204.0,0.0,0.0,0.0,46177.0,38796.0,5813.0,8106784.0
1675992065,527484.0,0.0,0.0,0.0,59733.0,37354.0,7176.0,7051978.0
1675992070,635056.0,0.0,0.0,0.0,65888.0,39219.0,7827.0,10195853.0
1675992075,722227.0,0.0,0.0,0.0,71795.0,39540.0,8493.0,11970937.0
1675992080,622921.0,0.0,0.0,0.0,60969.0,38162.0,7395.0,9426599.0
1675992085,509245.0,0.0,0.0,0.0,52425.0,35909.0,6388.0,6211721.0
1675992090,503401.0,0.0,0.0,0.0,51889.0,34820.0,6323.0,5993773.0
1675992095,468365.0,0.0,0.0,0.0,46690.0,34162.0,5786.0,143186056.0
1675992100,480415.0,0.0,0.0,0.0,46937.0,36820.0,5815.0,6956680.0
1675992105,469140.0,0.0,0.0,0.0,52620.0,35871.0,6543.0,6049062.0
1675992110,446130.0,0.0,0.0,0.0,45739.0,35036.0,5627.0,7567594.0
1675992115,476736.0,0.0,0.0,0.0,48040.0,35778.0,5993.0,5916404.0
1675992120,511829.0,0.0,0.0,0.0,51732.0,36859.0,6347.0,9552492.0
1675992125,504739.0,0.0,0.0,0.0,52305.0,35506.0,6367.0,11139564.0
1675992130,460651.0,0.0,0.0,0.0,50890.0,37278.0,6320.0,7492639.0
1675992135,502036.0,0.0,0.0,0.0,52001.0,36905.0,6345.0,14008523.0
1675992140,525841.0,0.0,0.0,0.0,51855.0,32248.0,6275.0,6955947.0
1675992145,479301.0,0.0,0.0,0.0,45117.0,32453.0,5697.0,8629869.0
1675992150,460820.0,0.0,0.0,0.0,42123.0,35978.0,5316.0,6009835.0
1675992155,482171.0,0.0,0.0,0.0,48115.0,31774.0,6045.0,8789612.0
1675992160,512658.0,0.0,0.0,0.0,47948.0,34243.0,5997.0,7288720.0
1675992165,427610.0,0.0,0.0,0.0,48213.0,35816.0,5960.0,7340815.0
1675992170,475019.0,0.0,0.0,0.0,48108.0,36439.0,5933.0,6935360.0
1675992175,466755.0,0.0,0.0,0.0,48657.0,35281.0,6050.0,7001464.0
1675992180,536631.0,0.0,0.0,0.0,52825.0,37436.0,6539.0,7851778.0
1675992185,490137.0,0.0,0.0,0.0,50663.0,36169.0,6157.0,7958461.0
1675992190,577507.0,0.0,0.0,0.0,60401.0,37604.0,7276.0,16220768.0
1675992195,700574.0,0.0,0.0,0.0,65931.0,35844.0,7875.0,20369572.0
1675992200,635992.0,0.0,0.0,0.0,60025.0,36846.0,7185.0,12915644.0
1675992205,692368.0,0.0,0.0,0.0,62463.0,35916.0,7607.0,6561461.0
1675992210,577079.0,0.0,0.0,0.0,55120.0,38648.0,6723.0,6396709.0
1675992215,539827.0,0.0,0.0,0.0,53564.0,35891.0,6453.0,7312707.0
1675992220,466054.0,0.0,0.0,0.0,48071.0,35056.0,5884.0,6980052.0
1675992225,509977.0,0.0,0.0,0.0,48326.0,38500.0,5962.0,8544534.0
1675992230,468200.0,1.0,0.0,0.0,44776.0,35622.0,5557.0,5370644.0
1675992235,494638.0,0.0,0.0,0.0,47992.0,36253.0,6088.0,7362062.0
1675992240,523257.0,0.0,0.0,0.0,49099.0,37944.0,6097.0,8150608.0
1675992245,518719.0,0.0,0.0,0.0,51157.0,33589.0,6281.0,12714120.0
1675992250,455872.0,0.0,0.0,0.0,47439.0,36936.0,5814.0,7692146.0
1675992255,494001.0,0.0,0.0,0.0,49943.0,38074.0,5963.0,13647975.0
1675992260,542778.0,0.0,0.0,0.0,53350.0,38334.0,6465.0,6457607.0
1675992265,530802.0,0.0,0.0,0.0,53292.0,35607.0,6641.0,8624907.0
1675992270,438300.0,0.0,0.0,0.0,44742.0,34930.0,5620.0,4880836.0
1675992275,525245.0,0.0,0.0,0.0,53764.0,33198.0,6601.0,7164413.0
1675992280,469809.0,0.0,0.0,0.0,43667.0,32535.0,5428.0,9192601.0
1675992285,442840.0,0.0,0.0,0.0,45428.0,34355.0,5678.0,5891632.0
1675992290,526070.0,0.0,0.0,0.0,52466.0,34954.0,6438.0,8481277.0
1675992295,502257.0,0.0,0.0,0.0,52208.0,35254.0,6447.0,5628985.0
1675992300,524883.0,0.0,0.0,0.0,51259.0,36663.0,6291.0,8503482.0
1675992305,606371.0,0.0,0.0,0.0,58126.0,37860.0,6895.0,7635762.0
1675992310,897606.0,0.0,0.0,0.0,77245.0,43724.0,9238.0,146019431.0
1675992315,851563.0,0.0,0.0,0.0,57079.0,43548.0,6957.0,10675145.0
1675992320,832235.0,0.0,0.0,0.0,61594.0,50655.0,7544.0,10224632.0
1675992325,850866.0,0.0,0.0,0.0,63347.0,44300.0,7852.0,6293264.0
1675992330,681453.0,0.0,0.0,0.0,54264.0,39396.0,6814.0,8712624.0
1675992335,582359.0,0.0,0.0,0.0,45124.0,38296.0,5612.0,7725600.0
1675992340,583678.0,0.0,0.0,0.0,53582.0,32597.0,6546.0,7728697.0
1675992345,540101.0,0.0,0.0,0.0,53244.0,33318.0,6538.0,9194459.0
1675992350,497891.0,0.0,0.0,0.0,53237.0,35855.0,6549.0,5548337.0
1675992355,404096.0,0.0,0.0,0.0,41473.0,32569.0,5274.0,7534842.0
1675992360,495707.0,0.0,0.0,0.0,49849.0,30959.0,6154.0,6305958.0
1675992365,465410.0,0.0,0.0,0.0,49283.0,30190.0,6023.0,9480381.0
1675992370,461428.0,0.0,0.0,0.0,50298.0,35879.0,6107.0,10499664.0
1675992375,458832.0,0.0,0.0,0.0,49376.0,32258.0,6109.0,10959148.0
1675992380,529659.0,0.0,0.0,0.0,54616.0,33903.0,6596.0,8550243.0
1675992385,427045.0,0.0,0.0,0.0,44180.0,32893.0,5516.0,5666367.0
1675992390,506729.0,0.0,0.0,0.0,48615.0,34320.0,6116.0,8686235.0
1675992395,463566.0,0.0,0.0,0.0,46279.0,29788.0,5679.0,6559188.0
1675992400,431397.0,0.0,0.0,0.0,43901.0,31690.0,5500.0,7013459.0
1675992405,436651.0,0.0,0.0,0.0,45985.0,32386.0,5721.0,10212220.0
1675992410,404790.0,0.0,0.0,0.0,40221.0,31118.0,5102.0,9489505.0
1675992415,465188.0,0.0,0.0,0.0,48804.0,31583.0,6103.0,14972489.0
1675992420,511745.0,0.0,0.0,0.0,50772.0,33122.0,6316.0,12041833.0
1675992425,500677.0,0.0,0.0,0.0,52845.0,29374.0,6356.0,6243683.0
1675992430,632965.0,0.0,0.0,0.0,63391.0,34965.0,7501.0,9709744.0
1675992435,693301.0,0.0,0.0,0.0,67633.0,38555.0,8078.0,12608237.0
1675992440,623100.0,0.0,0.0,0.0,63524.0,36977.0,7632.0,8036828.0
1675992445,526230.0,0.0,0.0,0.0,54649.0,38302.0,6639.0,8530206.0
1675992450,521092.0,0.0,0.0,0.0,52323.0,34176.0,6562.0,7235546.0
1675992455,462567.0,0.0,0.0,0.0,48919.0,37164.0,6061.0,9167288.0
1675992460,488916.0,0.0,0.0,0.0,51190.0,36079.0,6296.0,6268749.0
1675992465,459514.0,0.0,0.0,0.0,46045.0,34256.0,5609.0,8503869.0
1675992470,452178.0,0.0,0.0,0.0,47592.0,33079.0,5938.0,5567867.0
1675992475,526213.0,0.0,0.0,0.0,51246.0,41209.0,6344.0,9469785.0
1675992480,455847.0,0.0,0.0,0.0,45752.0,37300.0,5734.0,5973883.0
1675992485,522134.0,0.0,0.0,0.0,51474.0,38996.0,6279.0,9447019.0
1675992490,496598.0,0.0,0.0,0.0,51706.0,39388.0,6375.0,8080721.0
1675992495,462111.0,0.0,0.0,0.0,47563.0,37827.0,5805.0,12325154.0
1675992500,500352.0,0.0,0.0,0.0,49624.0,35572.0,6131.0,7463853.0
1675992505,523337.0,0.0,0.0,0.0,48119.0,36930.0,6087.0,8645012.0
1675992510,456896.0,0.0,0.0,0.0,45312.0,39131.0,5712.0,5861598.0
1675992515,510306.0,0.0,0.0,0.0,48834.0,37929.0,6114.0,8006497.0
1675992520,450232.0,0.0,0.0,0.0,49335.0,34609.0,6024.0,5964720.0
1675992525,448606.0,0.0,0.0,0.0,43677.0,34804.0,5458.0,8228352.0
1675992530,504337.0,0.0,0.0,0.0,44437.0,34362.0,5588.0,143335357.0
1675992535,473243.0,0.0,0.0,0.0,46827.0,34896.0,5864.0,7104638.0
1675992540,501547.0,0.0,0.0,0.0,48563.0,34743.0,6138.0,7487015.0
1675992545,500303.0,0.0,0.0,0.0,54145.0,33493.0,6512.0,9031794.0
1675992550,677927.0,0.0,0.0,0.0,69118.0,38231.0,8206.0,8766702.0
1675992555,691042.0,0.0,0.0,0.0,71178.0,36634.0,8428.0,12548452.0
1675992560,581956.0,0.0,0.0,0.0,59170.0,39454.0,7091.0,10690348.0
1675992565,507345.0,0.0,0.0,0.0,55338.0,36658.0,6805.0,10104174.0
1675992570,532843.0,0.0,0.0,0.0,50925.0,35376.0,6329.0,8669279.0
1675992575,517293.0,0.0,0.0,0.0,55418.0,36484.0,6748.0,10421999.0
1675992580,360785.0,0.0,0.0,0.0,37654.0,35961.0,4724.0,9802708.0
1675992585,550712.0,0.0,0.0,0.0,57054.0,36037.0,6956.0,7208661.0
1675992590,480594.0,0.0,0.0,0.0,48127.0,33351.0,5965.0,6949450.0
1675992595,458559.0,1.0,0.0,0.0,47093.0,30991.0,5923.0,7816974.0
1675992600,71079.0,0.0,0.0,0.0,6547.0,7889.0,877.0,963283.0
